text,label,notes
Prediction: England vs Italy | EURO 2020 final,,post
BREAKING: Manchester City banned from Champions League for two seasons by UEFA and fined 30 million euros,,post
Prediction: England vs. Scotland,,post
"For Euro 2020 we will be running a predictions tournament. When you enter the tournament you get 1000 tokens, you can put up tokens on the outcome of each game. To enter just vote for the team you want. We will have a prediction thread for each game. They will close at kick-off for each game. [View Poll](https://www.reddit.com/poll/nxoxiw)",,post
Prediction: England vs Denmark,,post
Messi surprised by his mother after winning the World cup.,,post
Prediction: Italy vs. Switzerland,,post
"For Euro 2020 we will be running a predictions tournament. When you enter the tournament you get 1000 tokens, you can ""bet"" tokens on the outcome of each game. To enter just vote for the team you want. We will have a prediction thread for each game. They will close at kick-off for each game. We'll probably post the other threads 24 hours before each game, but this might change so keep an eye out. &amp;#x200B; Now, predict the outcome of the opening game! [View Poll](https://www.reddit.com/poll/nrpo8l)",,post
Petition to rename the subreddit to r/football,,post
Prediction: Czech Republic vs. England,,post
Prediction: Hungary vs. France,,post
Prediction: Portugal vs. Germany,,post
Prediction: Hungary vs Portugal,,post
Prediction: Denmark vs Finland,,post
"For Euro 2020 we will be running a predictions tournament. When you enter the tournament you get 1000 tokens, you can put up tokens on the outcome of each game. To enter just vote for the team you want. We will have a prediction thread for each game. They will close at kick-off for each game. [View Poll](https://www.reddit.com/poll/nxjouy)",,post
Prediction: England vs. Germany,,post
Prediction: Belgium vs. Portugal,,post
Alassane Plea (Gladbach) scores a volley with his standing foot while faking a shot with his other foot,,post
Prediction: North Macedonia vs. Netherlands,,post
[FC Barcelona] Messi will not renew with FC Barcelona,,post
Kroos goal vs Sweden [2]-1 Free kick,,post
Prediction: Ukraine v North Macedonia,,post
Italy [1]-0 Finland - Donkey Kong 1’,,post
Prediction: Denmark vs Belgium,,post
Prediction: Germany vs Hungary,,post
Prediction: Scotland vs Czech Republic,,post
Prediction: Poland vs Slovakia,,post
Prediction: Croatia vs Czech Republic,,post
Prediction: Finland vs. Russia,,post
Prediction: Croatia vs. Scotland,,post
Juventus 0-2 Real Madrid - Cristiano Ronaldo 64' (Champions League - Quarter-finals),,post
Prediction: Portugal vs France,,post
Prediction: Netherlands vs. Czech Republic,,post
Prediction: Netherlands vs Austria,,post
Argentina have won their third World Cup title at the 2022 FIFA World Cup in Qatar!,,post
"Pelé, Brazil’s mighty king of ‘beautiful game,’ has died",,post
Petition to ban “the mod” who couldn’t handle a defeat and permabanned longtime users of this sub for posting content he didn’t like,,post
Real Madrid [2]-1 Liverpool : Bale 64' (Champions League final),,post
[Italy] have won the UEFA EURO 2020,,post
Prediction: Sweden vs Slovakia,,post
Juventus Signs Cristiano Ronaldo,,post
"A guy saves his girlfriend from being hit with a ball from a free kick, with a header.",,post
Prediction: France vs Switzerland,,post
Prediction: Sweden vs. Ukraine,,post
Maradona passed away at the age of 60,,post
Prediction: Wales vs Switzerland,,post
"For Euro 2020 we will be running a predictions tournament. When you enter the tournament you get 1000 tokens, you can ""bet"" tokens on the outcome of each game. To enter just vote for the team you want. We will have a prediction thread for each game. They will close at kick-off for each game. [View Poll](https://www.reddit.com/poll/nxfpud)",,post
United confirm Ronaldo agreement,,post
Prediction: Switzerland vs Turkey,,post
Prediction: England vs. Croatia,,post
"Jurgen Klopp: “I don’t understand politics, I don’t understand the coronavirus. Why ask me? All I do is wear a baseball cap and a patchy beard. Celebrities shouldn’t speak on these serious issues. Leave it to the experts.”",,post
Prediction: Ukraine vs Austria,,post
Portugal [3]-3 Spain - Ronado (Hat-Trick) 87' [2018 FIFA World Cup],,post
Prediction: Czech Republic v Denmark,,post
Zlatan Ibrahimovic (LA Galaxy) goal against LAFC [3]-3,,post
Gary Neville's full reaction to the news of a potential super league,,post
Messi reaction to Montiel’s penalty.,,post
Barcelona 3-0 Liverpool - Messi 82',,post
Juventus 1-1 Real Madrid ( Mandzukic M. 27'),,post
Ceballos and the greatest nutmeg you'll ever see,,post
PSA - The Sun will now be a banned source on this subreddit.,,post
"&amp;#x200B; From now on The Sun will no longer be a source allowed on the sub. The Sun as a publication has been boycotted by 70 sets of fans of English clubs over the coverage of Hillsborough and other pieces of coverage. Clubs themselves have also joined in this protest by banning the publication from conferences. We firmly believe that nothing of value will be lost here. The news covered will generally be found at other sites instead. This ban is not related to the quality and reliability of content from The Sun, and we are not looking to ban any sources based on those criteria. The reliability and content quality of sources should still be governed by the community using upvotes and downvotes. We'll update everyone in a few days about the rest of the meta thread, just thought this is worth its own post first as it would obviously dominate the comments, which is understandable.",,post
West Brom 1 - [2] Liverpool - Alisson 9+5',,post
"AC Milan on Twitter: We have no words to express how shocked we are to hear of the tragic passing of one of the greatest sportsmen of all time and Rossonero fan, Kobe Bryant. All our thoughts are with the families of those affected by this tragic accident. You will forever be missed, Kobe 🙏❤️",,post
Wolfsburg fan reaction after Haaland does the pointing celebration towards him,,post
France win the 2018 FIFA World Cup.,,post
Marcelo visited his son's school and did the bin challenge with the kids,,post
[Euro2020] Switzerland defeat the current world champions France 5-4 on penalties and qualify to the quarter-finals awaiting Spain,,post
I've got it. I know how we save the 2019/2020 Premier League.,,post
"Britain has two aircraft carriers with no planes for them, because we're idiots. https://en.wikipedia.org/wiki/Queen_Elizabeth-class_aircraft_carrier The flight deck is 284 x 73m, they each have a crew compliment of 679. And they're not doing anything. 284x73m, twice, is comfortably four football pitches. 20 Premier League teams, squads of 25, that's 500. Let's say each team gets an allowance of another 25 staff. 1,000, with 358 left over. Plenty of room for camera crew, technical sorts. Two week testing and quarantine period, we move the Premier League off-shore, I collect my OBE for services to British sports. Done.",,post
"Harry Kane's ""miss"" was actually a world-class save by Subašić",,post
"Representatives from Slavia Praha (CZE) Laughing in Response to being drawn in group with Barcelona, Inter Milan, and Borussia Dortmund [group F]",,post
Brasil [2] - 0 Serbia - Richarlison 73’,,post
Immobile suddenly recovers when Italy scores,,post
The german National Team won't play anymore in countries where women don't have equal rights and aren't allowed to visit football stadiums without discrimination.,,post
"Di María: ""Memes hurt us a lot, going to the psychologist helped me""",,post
"Di Maria's wife ""I begged Angel, any place but England. And 1 year later we were in Manchester, a shithole""",,post
Liverpool [4]-0 Barcelona : Origi 79' (agg. 4-3),,post
USA eliminated from world cup contention.,,post
"After 6 hours on a bus driving through the crowd, Croatian soccer players arrive at the main square. Almost 15% (550k) of the entire population greeted them today.",,post
"Vargas: ""I was raising money to flood victims &amp; asked Messi for his shirt at kickoff, but forgot after the game. Exiting our room, he stood there with a little bag. ”Look, these are the shirts i collected for you” In it was his shirt, Xavi’s, Iniestas, Dani Alves, Pique &amp; Puyols""",,post
Manchester United has announced that Jose Mourinho has left the Club.,,post
Italy have failed to qualify for the 2018 World Cup.,,post
Grealish promises young fan a celebration for his next goal. Then delivers at the World Cup. Unreal stuff.,,post
Arsene Wenger to step down at the end of the season.,,post
South Korea 1-0 Germany - Young-Gwon Kim 90'+2',,post
"Finland have qualified for Euro 2020, their first major international tournament",,post
Kepa Arrizabalaga refuses to be subbed off and Maurizio Sarri is pissed about it,,post
France [2]-2 Argentina - Pavard 57' [2018 World Cup],,post
Giroud amazing goal vs Crystal Palace (1-0),,post
Former UEFA president Michel Platini has been arrested over the awarding of the 2022 World Cup.,,post
Croatian firefighters before Rakitic penalty shooting against Russia,,post
12th July 1700 BST: Confirmed that he is safe :) Thank you for everyone's support and help. I particularity would like to thank u/Simply_Jesus for their help and to the officials who have helped us.,,post
Real Madrid 1-[4] Ajax - Schöne 72' (3-5 agg.),,post
Barcelona 6-1 Paris SG - Sergio Roberto 90'+5',,post
Mesut Özil and his fiancé will celebrate their upcoming marriage by covering the expenses for the surgeries of over 1000 kids in need,,post
Bologna has exercices to reproduce in-game deflected/weird shots for its goalkeepers,,post
Cameroon player spits on English player,,post
England's attempt to score after Croatia's winning goal,,post
Synchronized not kicking the ball in Ekstraklasa,,post
Michael Bradley goal against Mexico (0-1),,post
"OFFICIAL: For every retweet of this tweet, the MLS will be donating $1 to childhood and adolescent cancer research.",,post
Ronaldinho has officially retired from professional football,,post
Chelsea 1-[1] Liverpool : Sturridge 89',,post
Ajax 2-[3] Tottenham : Lucas 90+6' (agg. 3-3),,post
Russia have qualified for the 2018 FIFA World Cup quarter finals. Spain eliminated,,post
Ibrahimovic goal (LA Galaxy [1]-3 Toronto FC),,post
Watford 0-1 Liverpool (Can 45+2 ') - Brilliant Goal,,post
"Reporter to Messi: ""After the first game I gave you a good luck amulet that my wife gave me, I don't know if you threw it away or something..."" Messi proceeds to show reporter he wore it all along and reporter can't believe it. Top lad.",,post
Arsenal [3]-1 Leicester City - Aubameyang 66',,post
Bakary Gassamo is referee of the Peru v Denmark World Cup game. Here's a reminder of his credentials.,,post
Mandzukic (Croatia) goal vs. England ([2]-1),,post
Son's sweet nutmeg pass vs. Chile,,post
Luka Modrić wins the 2018 World Cup Golden Ball,,post
Arjen Robben officially ends his career.,,post
"For the first time in the history of the European club competitions, both the Champions League and Europa League finals will be contested by teams all from one nation - Liverpool, Tottenham, Arsenal and Chelsea of England.",,post
This of course also means that the winner of the next UEFA Super Cup will be an English team for the first time since 2005.,,post
Burnley 0-[3] Chelsea - Pulisic 56',,post
"Amazing goal, Puskas worthy!!Eskişehirspor 0 - |2| Bursaspor",,post
Liverpool [2]-0 Chelsea : Salah 53',,post
Post-Match Thread: Liverpool 4-0 Barcelona [4-3 on agg.],,post
Liverpool [1]-0 Everton - Origi 96',,post
Liverpool have won the 2018-19 UEFA Champions League,,post
"The United States, Canada, and Mexico will co-host the 2026 FIFA World Cup",,post
Athletic Bilbao [1]-0 Barcelona : Aduriz 89',,post
Mesut Özil buzzing after scoring late winner,,post
Zinedine Zidane steps down from Real Madrid,,post
"Emery: ""Arsenal's environment is all about respect. When I was at PSG , I tried to communicate in French but people were sarcastically mocking my efforts. Here at Arsenal, I speak broken English but all I hear is complementary words for putting the efforts in and trying to speak""",,post
Son red card for challenge on Andre Gomes (NSFW),,post
Paul Scholes pass vs Manchester City Legends,,post
Incredible goalkeeper save in the Egyptian league.,,post
"South Korea coach Shin Tae-yong: ""We put four different numbers on our players' shirts in training to confuse Swedish spies. Europeans can't tell our players apart by their faces.""",,post
Brazilian clubs announce that they will loan players without fees to Chapecoense for 2017 and ask they be exempt from relegation for 3 years,,post
Manchester City [1]-0 Leicester : Kompany 70',,post
"Iran’s goalkeeper Alireza Beiranvand ran away from home, grew up homeless, and slept outside his local team's football stadium. People gave him change because they thought he was a beggar. Tonight he's just saved a penalty against Cristiano Ronaldo in the World Cup.",,post
A. Townsend great goal (Man City 1-[2] Crystal Palace) 35',,post
Wolves fan hears the commentator.,,post
Milad Mohammadi failed throw-in against Spain,,post
Luciano Acosta third goal vs Orlando City (3-2) - Insane assist from Wayne Rooney,,post
Messi goal (Real Madrid 2 - 3 Barcelona) 92',,post
United States lose 2-0 to Canada for the first time in men's soccer since 1985,,post
"Today /r/soccer has surpassed /r/nfl in subscribers, and become the largest sports based sub on Reddit.",,post
Henderson hugs his father after the ceremony and breaks down,,post
Mbappe yellow for time wasting,,post
FIFA tells Iran: Women have to be allowed into soccer stadiums,,post
"The Italy squad visited a children’s hospital in Rome on Thursday and defender Acerbi was told the team bus had to leave, but replied: “I don’t care, they can go. I’ll get a taxi, but I won’t leave until I’ve seen everyone.” Acerbi was twice diagnosed with testicular cancer in recent years.",,post
Manchester United eliminated from the Champions League.,,post
"An amazing thing just happened in the DC United vs Philadelphia Union game. The Union's Alejandro Bedoya scored in the 3rd minute, ran to the corner where the on-field mic is located, and screamed, ""END GUN VIOLENCE NOW!""",,post
VAR reverses Manchester City 91' goal for handball,,post
L. Modrić goal (Argentina 0-[2] Croatia) 80',,post
Belgium beat Brazil 2-1. Belgium have now qualified for the 2018 FIFA World Cup Semifinals. Brazil eliminated.,,post
Casemiro doing... only God knows what,,post
Top 10 World cup 2018 moments according to r/soccer,,post
Giroud goal against Sweden 0-1,,post
Senegal are the first team in World Cup history to be eliminated on fair play,,post
Comunicado Oficial: Eden Hazard,,post
DC United [1]-0 Orlando - W. Rooney 10',,post
Post-Match Thread: Southampton 0-9 Leicester City | Premier League,,post
Manchester United have failed to qualify for the 2019/2020 UEFA Champions League,,post
"Source: https://www.premierleague.com/tables Chelsea win means 71 points for them, a draw leaves United on 66, they needed 70.",,post
"Mexican Fan Tells Wife He's Going to Get Cigarettes, Flies to Russia For Confederations Cup Instead",,post
João Cancelo's pass against Cagliari,,post
PSG 1-[3] Manchester United - Rashford 90'+' (PK) (3-3 agg.),,post
"Today, 15 years ago, Ronaldinho scores his first La Liga goal in his first game at the Camp Nou.",,post
Chadli goal - Belgium vs Japan [3]-2,,post
Post-Match Thread: Germany 0-1 Mexico [2018 FIFA World Cup],,post
Brozović sliding block from a freekick [Barcelona - Inter],,post
Everton ballboy sarcastically clapping towards Jurgen Klopp,,post
The tape Giroud can show his grandchildren,,post
Son Heung-Min goal (Korea Rep [2]-0 Germany) 96',,post
Bruno Petkovic (Dinamo Zagreb) insane goal,,post
"Des Kelly: All this whining about VAR is ridiculous. It’s like blaming CCTV for a burglary. If a referee watches a replay and STILL makes a bad decision then that’s down to the competence of the official, not the review system.",,post
Betis 1-[4] Barcelona - Lionel Messi 85',,post
Wenger: “If God exists &amp; one day I go up there and he will ask: ‘What have you done in your life?’. The only answer I will have is: ‘I tried to win football games.’ He will say: ‘Is that all?’ And the answer I will have is: ‘It’s not as easy as it looks.’”,,post
"Iceland [2]-[0] Kosovo. Iceland are through to the WC finals for the first time in its history, becoming the lowest populated nation to do so.",,post
"Winning Group I which included Croatia, Ukraine and Turkey. A truly magnificent feat. edit: Top of Reddit! Of the last 8 major competitions in football, basketball and handball only 4 european nations have qualified for at least 7 of those. Germany, Spain, France and ICELAND! (Croatia aswell if they qualify through playoffs) I'm so proud of my tiny nation and what we can achieve when we put our heart into it.",,post
Brazil 0-2 Beligum - De Bruyne 31' [2018 World Cup - Quarterfinals],,post
Benevento [2]-2 Milan - Alberto Brignoli (GK) equalizer in injury time,,post
Mkhitaryan scorpion kick goal vs Sunderland [3-0],,post
"Peter Crouch: ""My wife doesn't like football. One day she called me 10 minutes before a game to find out where I was.""",,post
Match Thread: Prince Harry vs Meghan Markle [The Royal Wedding],,post
Steven N'Zonzi had to ask certain players to let N'Golo Kanté hold the World Cup trophy because the man himself was too shy to ask &amp; didn't want to impose on anyone.,,post
Official: Mesut Özil retires from german national team,,post
Chelsea [1]-0 West Ham : Hazard 24',,post
H. Kane goal (Tunisia 1-[2] England) 91',,post
AS Roma 3-0 Barcelona - Kōnstantinos Manōlas 82'' (Champions League - Quarter-finals),,post
"Ronaldo on 2002 World Cup: ""Everyone talked about my leg injury, so I decided to cut my hair and leave the small piece there. I could relax and stay calm then because everyone focused on my hair. I'm not proud about it -- it was a strange look, but it was a good way to change the subject.""",,post
Corinthians keeper Cássio incredible two times save against Botafogo.,,post
"An Italian magazine just elected this as the worst 20 seconds of football ever played (QPR v. Man City, 1993)",,post
Torres great goal vs Celta [1-1],,post
REPORT: Fiorentina defender Astori has died in his sleep,,post
Neymar rolling around in pain after getting stepped on by Layún,,post
Liverpool 1-0 Roma - Salah 36' [UEFA Champions League Semifinal],,post
"Club Tijuana have a “Neymar Challenge” during half-time, where fans roll from half field to the other side of the pitch",,post
"Appie Nouri, the Ajax player who has been in a coma for over a year, has woken up and started to communicate with his family.",,post
Syrian player scores by lobbing the goalkeeper with a running backheel from 30 meters out,,post
Wayne Rooney stunning late free kick goal vs Stoke City (1-1),,post
Mario Gotze reaction to seeing THAT picture,,post
Manchester United [1]-0 Everton : Valencia great goal 4',,post
Bruce Arena Resigns as USMNT Head Coach,,post
Iran 0-1 Portugal - Quaresma 45' [2018 World Cup],,post
Benjamin Pavard wins Goal of the World Cup for his strike vs Argentina,,post
Hajduk Split 1-1 Everton - Sigurdsson (agg 1-3),,post
Memphis Depay insane goal against Toulouse (4-0),,post
Sepp Blatter says Qatar cheated to host World Cup,,post
Mohamed Salah becomes the highest scorer in a 38-game Premier League season with 32 goals. Congratulations.,,post
Japan coach Nishino asked how his team will combat Senegal: “In last few days I told my players to grow 5cm and put on 5kg. They couldn’t do it. So instead we will have to try to win by using the ball well.”,,post
"For the first time in 21 years, Arsenal fails to make the top 4 in the Premier League",,post
Schmeichel saves Modrić penalty kick,,post
Liverpool 1-[1] Tottenham - Wanyama 80',,post
Wayne Rooney retires: England captain announces international retirement with immediate effect,,post
[Bild] Results for Karius head scan: 26 of 30 tests for concussion were positive,,post
FC Barcelona have been eliminated from the Champions League,,post
Baroka FC's goalkeeper just scored an incredible last minute equaliser in the South African Premier Division,,post
Germany 1-0 England - Podolski 69',,post
Neymar has been on the ground for 14 minutes so far. [Source: Swiss TV],,post
Australia have qualified for the 2018 FIFA World Cup,,post
Bournemouth 1-0 Manchester City - Daniels 12',,post
Brazil 1-0 Switzerland - Coutinho 20' [2018 World Cup],,post
Rosicky Jr scores a banger in Tomas Rosicky’s testimonial,,post
Watford fan here with a request for anyone attending the Arsenal - Watford match today,,post
"Okay so today is John Motson's last ever commentary for ~~Match of the Day~~ BBC Radio at age 72. Motson was a friend of Graham Taylor, we are planning to try and get a chant going for Motson in the 72nd minute ""There's only one John Motson"" (normally we sing this every 72nd minute for Graham Taylor) basically, if you hear this chant please join in. Motson has been with MOTD since 1964 and it would be an amazing way to honour an amazing man. Thanks and safe travels to and from the game! May the biggest cojones win. Edit: well we tried, managed to get it going a tiny bit around me but being 3-0 down and having a sub sort of ruined it. None the less we tried, I guess asking to get any sort of noise out at the Emirates is a push. Either way, I love you Motty &lt;3",,post
"A front 3 of Henrikh Mkhitaryan, Pierre-Emerick Aubameyang, and Alexandre Lacazette contains the most letters of any forward line in the club's history. Wenger is clearly making the big name signings all the fans wanted.",,post
Leicester have SACKED Claudio Ranieri,,post
Chelsea are the 2016/2017 Premier League Champions!,,post
Andy Carroll goal vs Crystal Palace(2-0),,post
Chelsea 4-2 Tottenham (Matic 80') Brilliant Goal,,post
"There has been an explosion close to the BVB-teambus, the game against Monaco could be cancelled",,post
Liverpool 2-0 Manchester City - Alex Oxlade-Chamberlain 21' (Champions League - Quarter-finals),,post
Real Madrid [1]-0 Barcelona - Asensio 4' (Super Cup - 1st leg),,post
Liverpool [4]-1 Manchester City - Salah 68',,post
Newcastle United Have Been Promoted to the Premier League!,,post
Nacho goal (Portugal 2-[3] Spain) 57',,post
Wolves 2-0 Derby - Ruben Neves,,post
"Thierry Henry: 'If Neymar wants to get out of Messi's shadow, he needs to change sport'",,post
"Harry Redknapp says he wants to sign Benoit Assou-Ekotto for Birmingham City, but the player wishes to be a pornstar.",,post
Zlatan Ibrahimovic (LA Galaxy) 2nd goal against LAFC [4]-3,,post
Fallon D'Floor 2017 Nominee: James Rodriguez,,post
Riley McGree fantastic goal against Melbourne City,,post
Lego Version of the Champions League Final,,post
"Ex-Arsenal star Lukas Podolski opens kebab shop in Cologne, 1,000 people attend opening",,post
"Official: Canada, USA and Mexico declare intention to submit unified bid for 2026 FIFA World Cup",,post
Goal line technology used in the Bournemouth - Liverpool match. Down to millimetres.,,post
Everton 1-0 Stoke City - Rooney 45'+1',,post
Jozy Altidore (USA) goal against Jamaica [1-0],,post
Official: Neymar pays his Clause to leave Barcelona,,post
Paris SG [6]-2 Toulouse - Neymar Jr. 90'+2',,post
Arsenal [3]-1 CSKA Moscow - Ramsey 28',,post
Tottenham 0-1 West Ham - Pedro Obiang 70' (What a Goal),,post
"On this day 43 years ago, Cruyff fooled defender Jan Olsson - and the whole world - with one simple move.",,post
Manchester City are the 2017/2018 Premier League Champions,,post
"Reporter: ""Pep said winning the PL &gt; UCL. Which is more important to you?"" Jose: ""I think we say the most important one is the one we win. When I win the UCL, it's more important. When I win the league, it's more important. When I win nothing...winning isn't important."" 😂 #MUFC",,post
"A long time Barcelona supporter and Reddit user, CorsarioNero suffered a heart attack and passed away after watching Barcelona vs PSG.",,post
"Barcelona fan and a long time r/Barca subscriber, /u/CorsarioNero passed away last night. According to his [friend](https://mobile.twitter.com/lucasammr/status/839704494627819522), he suffered a [hear attack](https://mobile.twitter.com/lucasammr/status/839704894563053568) from the thrill of the yesterday's match. Rest in peace.",,post
Tottenham 1-0 Manchester United - Eriksen 1',,post
"Mkhitaryan (2018):""It’s a dream come true because I’ve always dreamed of playing for Arsenal""; Mkhitaryan (2016):“A dream comes true. I always wanted to play for Manchester United""; Mkhitaryan (2013): ""It was always my dream to play for Dortmund""",,post
Moussa Sow Bicycle Goal vs Manchester United (1-0),,post
Argentina 1-1 Iceland : Messi penalty miss 64',,post
Brighton 2-[2] Bournemouth - Callum Wilson 79',,post
"""Dreams can't be buy"" was not the slogan I expected to lead the pack, but let's go.",,comment
We're all living in the coma dream of a Liverpool fan who slipped on some ice after they lost the title race last season,,comment
In the end Luis Suarez followed through on his promise not to celebrate in front of the fans at Anfield.,,comment
If only there was a player at the back post at that point… What a fucking baby,,comment
"I want to laugh, but I’m in no position to.",,comment
If you showed this to someone in 2017 they would've had a stroke,,comment
"Does anybody else think, that the writers kinda ruined the show with the current season? I mean back then mistakes had consequences. If you lost 3-0 in the first match, you could not expect to somehow save the day and still succeed. But with what the writers did now, it gets absolutely ridiculous. Not only did they reuse last year's Roma plot for Barca, but somehow they are also trying to convince us that such a thing could happen 2 TIMES IN A ROW LITERALLY ONE DAY APART! What the hell?? And it's not even the first time this happened this season. Remember the ridiculous PSG plot, that was somehow resolved by a last minute handball. How stupid do they think we are??",,comment
I don't recall him playing vs Germany WC 2014,,comment
What in the actual fuck is this,,comment
When you finally decide to sim a game in your FIFA career,,comment
"Imagine being a Tottenham fan, opening r/soccer every day and wondering ""who is gonna shit on my club next"" lmao",,comment
A white and a black footballer coming together to be racist against the asians. Progress OptaJoe probably,,comment
Holy fuck thats a communicado official!,,comment
Get Neymar down there to help those Thai kids.,,comment
"Damn, dude got 3 causes in one pitch invasion, talk about efficiency.",,comment
this significantly decreases the possibility of having a messi vs ronaldo final,,comment
"Also, at the end of his contract he becomes president of UAE",,comment
Never had to pregame outside of a country before,,comment
Iceland Mexico final confirmed,,comment
That’s honestly embarrassing by him.,,comment
Nah you can’t be doing that to actual Káká that’s fucked up,,comment
"I don't know why you're complaining Defoe, Shrek is a good film.",,comment
The most Zlatan thing I've ever seen,,comment
Can’t believe Shaq chose this over sixteenth in the Championship.,,comment
England winning on penalties. This World Cup really is something else,,comment
Using the Golden Glove trophy as a cock 0 - 1,,comment
"""I buy Ederson, he buy Alisson"" ""I buy Mahrez, he buy Salah"" ""I buy 23 other world class players, he cannot afford. Great success""",,comment
In typical United fashion he missed,,comment
"Portugal, Argentina, Spain, Germany, what a weird world cup.",,comment
Destroy the entire US soccer federation from the ground up.,,comment
"&gt; I will no longer stand for being a scapegoat for his [Reinhard Grindel, President of the german FA] incompetence and inability to do his job properly. Holy shit.",,comment
Holy shit Japan topping a group with Germany and Spain is insane,,comment
Eats mostly fish and naps 5 times a day? Is Ronaldo a cat?,,comment
Now he has more points than Arsenal this season,,comment
"&gt;Investigators say there is a clear link between illegal streaming services and fraud, scams and organised crime. Fucking amazing. Lads, I literally just want to watch Brentford v Wolves, I'm not about to start pushing heroin.",,comment
"Southgate: Ok, we need penalty takers. Pregnant woman in crowd: Oh my gosh the baby just kicked! Southgate: \[head swivelling like a cobra\]",,comment
Literally one of the best games ever,,comment
There's nothing better than watching a penalty shootout when your club/country isn't involved.,,comment
Mbappe terminating Messi's PSG contract as we speak,,comment
"Tare will be the first suspect when the head of the David Silva statue gets cut off and launched in the Irwell. (For Manchester City fans, the Irwell is the river in Manchester).",,comment
"oh fuck right off, how the fuck would I replace the dopamine hit I get whenever I explain the away goals rule to someone who asked ?",,comment
One of the replies to the tweet: Now Wuhan will have something worse than Coronavirus.,,comment
"Meanwhile, previous European finals were powered by the power of friendship",,comment
"""I first noticed her when her shoes lit up when she walked"" - Sadio Mane",,comment
This guy must be the reason for the great success of the Bulgarian national team.,,comment
Think of it like £50m on Maguire and £35m to see less of Phil Jones and Chris Smalling,,comment
He's world class at shit talking.,,comment
Liverpool making sure we don't walk alone.,,comment
Can’t get more Copa America than this. Just wow.,,comment
**BREAKING: France officially eliminated from World Cup 2022 at group stage.**,,comment
This is the best defensive performance from City I've seen all season,,comment
"-What did you not like about Manchester? ""Basically everything. I disliked everything about it. Everyone is skinny. You walk around and you don't know if they will kill you or not. The food is disgusting. The girls all use a lot of make up, like they are dolls""",,comment
FADE MY MOTHERFUCKING FLAIR BITCH HAHAHAH,,comment
N'Golo Kante. What a fucking player. All the man does is clean up midfields and win trophies.,,comment
Brazil will be the first team to play with 11 right wingers.,,comment
"Monaco wins league 1, PSG signs Mbappe and Neymar Lille wins Ligue 1, PSG signs Messi, Hakimi, Ramos, Wijnaldum, and Dollaruma",,comment
Even the English hooligans have gone boringly defensive. Southgate fault.,,comment
That has to be one of the worst misses of all time lol,,comment
"If this was Messi people would be going mad, but because it’s donkey kong nobody is giving it the attention it deserves",,comment
"Fair play to Bruno that's genuine captain behaviour. Not sure why United are so insistent on treating their staff like shit, don't really think that's gonna solve any problems for them.",,comment
This is going straight to the top of the sub,,comment
Every new Grealish quote becomes the most Grealish quote imaginable.,,comment
The only beating Argentina will be giving in this World Cup.,,comment
Not much of a protest if you need permission from those you are protesting against...,,comment
Ricardo Rodriguez saw all 14.000.605 futures and missing the pen was the only way for Switzerland to win,,comment
"Putting Qatar aside for a moment...genuinely impressed that this ""no host nation lost their opening game"" was a thing.",,comment
Grealish trying to find his contract as quickly as possible before Pep gets ideas,,comment
I will give him the benefit of the doubt unless there's previous behavior like this we don't know about.,,comment
That was a complete joke. Fucking disrespectful.,,comment
This really hurts Barcelona's chances of keeping Neymar.,,comment
The real winners today: Arsenal fans,,comment
Eden Hazard talking about focusing on football.,,comment
South Korea playing 4D chess lmao,,comment
Suddenly playing in MLS doesn't sound that bad anymore,,comment
"Bale: I’ll probably leave Madrid. Ronaldo: I might leave Madrid. Zidane: Right, I’m off.",,comment
Its a generous offer Yaya but you've misread the room.,,comment
love how brutal Spanish swearing comes across when you translate it word for word,,comment
I for one am shocked that he thinks the players he won the Premier League with are better than the players he's been relegated with (except Tielemans).,,comment
"I did laugh a bit when listening to Messi’s post WC interview where he talks about how he now has won everything there is with Argentina and Barca, how his career is now complete by the end. Leading PSG to their first ever European title is clearly not something he’s emotionally invested in. He achieved everything he dreamed of, and PSG is just a weird side quest he never wanted.",,comment
"Without its natural predator, who will be able to stop Germany ?",,comment
"*'""The way I see it is, if someone assaulted him in the street and then asked us to go around for dinner, we wouldn’t. Just because he’s Cristiano Ronaldo, why would we do it? It’s like we owe him a favour, but I’m sorry, we don’t.""'* Absolutely bang on.",,comment
Using 3 different length units in a single sentence to make a point.,,comment
what a great underdog story. hasn't scored in the premier league for 12 years,,comment
"In soviet Russia, England wins in penalties. Edit: Damn thanks for the Gold lads",,comment
"A bit rich to call yourselves ""super"" when you can't win at Elland Road innit ya cunts",,comment
Imagine turning up to a polling station and Marcelo is handing you a ballot card,,comment
Inb4 Old Trafford is drone bombed.,,comment
"Dembele: ""Donde esta la biblioteca"" Ref: ""That's it, red card!""",,comment
"Oh boy, he is generally very reliable, shit is about to get real",,comment
Heartbreaking for Japan But it's a stunning counter,,comment
"First Messi gets his penalty saved by an Icelandic film director, then Ronaldo one-ups him by getting his saved by a homeless Iranian man. The rivalry never ends.",,comment
"Even in the summer, Germany still gets embarrassed in Russia",,comment
[Can't get sacked if you don't win the league. ](http://i.imgur.com/9XTJE1L.jpg),,comment
Hope someone posts the 2nd half of this too. Was spot on 1000%. Absolute joke Edit: [2nd part](https://streamable.com/7wyh8a) even more scathing,,comment
"The most ""Fuck it I'll do it myself"" thing you'll see",,comment
Watching someone get correctly sent off for diving is immensely enjoyable.,,comment
Absolute scenes when white smoke billows out of the Barca offices to reveal a new president: Messi.,,comment
Shove yer super league up your arse,,comment
"Ryan Giggs is a complete and utter scumbag. A pathetic excuse for a human being. What he did is the lowest of the low, they shouldn't even let people like that on TV. And on top of playing for united he cheated with his brothers wife.",,comment
Courtois was amazing holy shit,,comment
Ozil could find the Malaysian flight if it made a good run.,,comment
Great. Now all the kids will want it too.,,comment
Ronaldo is fueled by pure determination. Dude is insane for his age.,,comment
WE ARE GOING TO FUCKING EUROPE!!!,,comment
why are people upset? he got all ball,,comment
Simultaneously the earliest and latest prem title win ever! Truly record setters.,,comment
"Waltzes in, wins 3 CLs in a row and inexplicably waltzes out again. What a fucking champ.",,comment
"Thanks to Barcelona, Atleti banter era on Twitter just lasted for 20 hours.",,comment
This is the most unprofessional thing i've seen in my lifetime,,comment
Both atalanta and valencia fans will be like we won the draw and neither of them is wrong,,comment
"no one puts 10 past southampton, keep trying losers",,comment
"""No pressure kid, just win the Golden Scalpel or whatever doctors have""",,comment
2010: Pep Guardiola coaches in Spain - Spain win World Cup 2014: Pep Guardiola coaches in Germany - Germany win World Cup 2018: Pep Guardiola coaches in England - Doesn't mean anything,,comment
Starting a support group for teams who dropped 6 points to United,,comment
Real Madrid legend. Sad to see him go :(,,comment
If Liverpool lose to Atletico they are going to have the most boring final 3 months of all time,,comment
"Three fucking 120 minute matches in a row, and Croatia still manage to out-run, out-muscle and out-gun England in ET. Everytime I've thought they've looked totally gassed, they just keep on running. Deserved finalists.",,comment
"Also, FIFA 19 has Ronaldo on the cover wearing a Madrid jersey. They'll have to change all their promotional stuff I guess.",,comment
Man gets away with planning just one party each year,,comment
This is fitting way for Pochettino to win his first major trophy,,comment
This is the most horrible signing in the history of Barca.,,comment
https://i.imgur.com/TIlXRCQ.jpg,,comment
This is the transfer saga that 2020 deserves,,comment
"The French dream of winning in Russia has been realized, suck it Napolean",,comment
"Great news, but I feel like the term 'wakes up' will give a lot of people the wrong idea. He still can't communicate except for the occasional non-verbal confirmation with his eyebrows according to his brother. Since there is a guy asking if he will play again. There is absolutely zero chance. Let's just hope he keeps making slow progress. The sport is irrelevant.",,comment
Imagine kicking a 16-17 year old in the leg as hard you can in a friendly. World class cunt.,,comment
"94th minute, down by 1 goal and you do this shit",,comment
"Bad English, which shows it's actually coming from him rather than a PR/social media team. Legend 👏🏻",,comment
"If all the big guns ( Germany , France , Spain, Argentina, Brazil, England, Netherlands, Portugal, Belgium, Italy etc ) had stood up together at the time it was announced and said ' yeah thanks but no thanks' and threatened a boycott, it wouldn't be happening, wearing pathetic 'football likes change' t shirts 18 months before the tournament is meaningless and they'll all be there.",,comment
No word when Eric Dier will reach the same point,,comment
Imagine Messi and De Bruyne creating hundreds of chances for Sterling to miss them.,,comment
Who'd have thought this world cup would have two pointless England vs Belgium games,,comment
"Canada, USA &amp; Mexico. #CUM2026",,comment
"Good to see such professionalism and sense of responsibility, such unlucky timing though.",,comment
"Swear to fuck this is honestly my dad 😂😂😂, I'll post proof soon Edit: http://imgur.com/CMkhjHO I'm the one in the middle, left is said da",,comment
Liverpool have gotten further than Coutinho,,comment
On yellow cards... that’s gotta sting for them,,comment
Greatest tap in I've seen not gonna lie Edit: AA mirror: https://streamable.com/ccs2c,,comment
Acts like someone took a chainsaw to his ankle,,comment
FUCKING HELL NEYMAR JUST SHOOT THE FUCKING BALL AND YOU WOULD HAVE SCORED YOU LITTLE SHIT,,comment
It's like he reads reddit and tries to trigger us as much as he can.,,comment
"When Mexico sends its people, they actually are sending their best.",,comment
WHAT THE FUCK IS WITH REAL MADRID AND BICYCLE KICK GOALS IN IMPORTANT GAMES,,comment
"At least now that Arsenal are out of the Champions League, they can concentrate on getting into the Champions League",,comment
Italy that couldn't even qualify.,,comment
https://gfycat.com/DarkMeaslyAmurstarfish EDIT: https://imgur.com/a/a5gHDWb EDIT 2: Thanks for gold. I love Messi but I love good laugh even more :),,comment
That Korean dude's balls died for our sins,,comment
#THANK YOU KOREA #TEQUILA SHOTS AND MEXICAN CITIZENSHIP FOR EVERYONE Edit: #/r/LigaMX in chaos!!!,,comment
The man has literally managed Arsenal for 90% of my life. Feels like a family member is about to leave.,,comment
"Waiting to concede goals so that you start playing attacking football is not a tactic, its a pathetic display of desperation. Mourinho got the tactics all wrong. They played terribly and we deserve to lose.",,comment
https://i.imgur.com/rBKxnox.png,,comment
Dude sleeps probably every night so..,,comment
This is my favourite moment in the World Cup so far. RIGHT in front of the camera.,,comment
Should be noted that this was FIVE FUCKING MINUTES into his debut for the club.,,comment
Maradona ready to snort a line on live TV,,comment
The scenes when Canada plays in a world cup,,comment
https://i.imgur.com/Tq84FTO.jpg,,comment
&gt; Qatar: we don't have enough money to take all these refugees &gt; Qatar: 200 million for 1 person please Edit: thanks for le reddit gold kind Gulf Arab!,,comment
"as a United fan, I can’t help but feel like Liverpool are the T Rex in Jurassic World. yeah they’re evil, but there’s also a majesty to them in the sense they’re an old guard. City are the dino created in the lab as a result of corporate greed &amp; it’s nice seeing the T Rex kill it after being locked up for so long",,comment
“I meant the final not the semi”,,comment
When Argentina goes out before England,,comment
http://i0.kym-cdn.com/photos/images/facebook/001/233/131/e09.jpg,,comment
"* 2006: Win the World Cup * 2010: Finished last in the Group Stage (with Paraguay, Slovakia and New Zealand) * 2014: Finish 3rd in Group Stage (with Costa Rica, Uruguay and England) * 2018: Fail to Qualify for the WC The slide has been coming but seriously what is going on with the Italian FA? That said, thank you Buffon for a very impressive international career.",,comment
Zidane remains unexposable. Impressive,,comment
"Imagine when they beat the current french, italian and german champion to be then being dismantled by Ragnar Klavan.",,comment
Not my idol Sepp Blatter. Are there no heroes left,,comment
arguably the best headline of all time,,comment
"This is when you know, despite a lot of corruption and dark clouds over football at the moment, it's still a game that unites everybody.",,comment
"Hahaha, German commentator before the last penalty: ""Now something can happen that nobody ever thought to be possible in a World Cup, England winning a penalty shootout."" Edit: The guy is actually fucking ecstatic about the fact England just won a penalty shootout. He geniunely cannot believe it. Edit2: He *still* hasn't talked about anything else. Edit3: He briefly talked about how gutted Colombia must be, then instantly back to England winning on penalties. He's absolutely shellshocked. Edit4: Turned off the TV now but I'm pretty sure when I turn it back on tomorrow morning he'll still be going on about it.",,comment
"They actually sacked their coach the day before the world cup, wild",,comment
Someone check De Gea for a concussion,,comment
"How the fuck is he not being taken seriously here? He's talking about how constant jokes on the Internet are taking an understandable toll on him and everyone's just ""lol he said memes""",,comment
"Hide yo Salahs, hide yo Hazards, Madrid got money to burn.",,comment
"See Mexico?? look what you did, you made this nice man cry.",,comment
I'm 23 and as a child thought Arsenal was named after him,,comment
Zidane is probably the best in the world at knowing how to finish in way which people won't forget for a long long time.,,comment
Man oh man. He really is the laughing stock of this World Cup.,,comment
"I would like the referee and medical staff to totally overreact in response. Stop the game and have the medical team run on the field with oxygen mask and strap pepe on a stretcher and force a cervical collar on him to protect against spinal injures, and then have him flown away in a helicopter to the nearest hospital.",,comment
"So cool of him. I bet if he wasn’t on the job the reporter would have shown more emotion, cause to give someone else something of value like that is nothing but pure kindness. To see someone appreciate that (let alone if they are Messi) has to be heartwarming. Good guy Messi",,comment
"One of the funniest stories about him is when he was forced to play one day as the team had no strikers. He knew he was pretty much fucked, and he was worried he would get exposed for being incompetent, so he came up with the idea to start a fight with a fan and as a result he got sent off before the game even started. When confronted with the President of the club, Carlos said that he fought the guy because he insulted him (the President), and he was a father figure to him. As a result, the President of the club renewed his contract.",,comment
It's sad that joint bids are the only chance for small countries to outbid big countries like Qatar.,,comment
The goalkeeper didn't become a professional until he was 29 and didn't really get proper goalkeeping coaching until he was 20,,comment
"Bayern ends second of their groups, and faces Besiktas then Sevilla. LMAO",,comment
Seaman isn't letting any chips past him these days...,,comment
Give the Chelsea fans a break. Most of them don't know that football existed prior to the early 2000s,,comment
These kind of next level strats is what starts Asian dominance tbh,,comment
The better LM10 on the pitch today.,,comment
"Hey /u/spoofex fantastic idea! Just a few thoughts: **1st**. At the end of each introduction you could include a ""*Next up: Bournemouth*"" line just so we can have that in mind for tomorrow. **2nd**. It's is a great idea though I really like it. So just saying thanks for this. **3rd**. Do a ""best of"" thread at the end of the most top voted comment for each thread? **4th** Arsenal.",,comment
"Real: We want a 4th CL in a row Wenger: I guarantee 4th Real: Great, when can you start?",,comment
They beat 1st place and lose to 20th,,comment
"Should be a red, this ref is so bad",,comment
https://i.imgur.com/SEJ5BPs.jpg,,comment
The Russian world cup getting the grandstand opening game it deserves... Russia-Saudi Arabia,,comment
Just to be clear he’s saying he would impregnate a ton of American women right?,,comment
"Seeing as Liverpool haven’t won the title in the PL era, you could argue they play 38 meaningless games each year.",,comment
he's obviously been killed you heartless fucks,,comment
Thank fuck rugby only lasts for 80 minutes.,,comment
It's the fact he does the Mark Noble type 'pick this lad up cos he's fannying about and he's not even injured'. Then does that.,,comment
"We already had to sacrifice the Ox to get this far, now this?",,comment
HE CLEARLY DIDNT WANT TO WEAR THOSE SHORTS!,,comment
I'm sure FIFA officials are shocked and outraged.......,,comment
"What a terrible end to one of the most outstanding managerial achievements in modern times. Complicated situation, granted, but I hoped he'd at least see out the season and keep them up.",,comment
Game of the fucking tournament already,,comment
Holy shit. Argentina National Team: Civil War,,comment
2018 World Cup └📁England └📁Trophy └📁Location └📁Home,,comment
I absolutely dare you to name something more Zlatan than a cracking banger followed by a yellow for excessive celebration Edit: he showed me his power,,comment
Another player slips away from West Ham United.,,comment
I had no expectations but this was decidedly worse than anything I could have expected.,,comment
I know right? Hart had a decent England career though,,comment
"""Shut up /r/soccer"" - Michael Bradley",,comment
Lmao this sounds like something Trump would say,,comment
"Wow, OP. At first, i thought you were being sarcastic, but then i watched the whole video and you're definitely right: great spot by the Ref.",,comment
As a die hard Leicester fan since December of 2015 I cannot tell you all how much this means to me.,,comment
"Take it easy Arsenal fans, you guys 10-2 overreact sometimes. *Edit: Just seen others made similar puns before me in the Vidal 5-1 post, send them your upvotes fam*",,comment
It's refreshing to see them fuck something up.,,comment
Are you fucking kidding this game is unreal.,,comment
"&gt; At the French side Ajaccio he was horrified to see a crowd of fans waiting to witness the first training session of their new Brazilian superstar and so took every single football on the pitch and kicked them to his adoring spectators, all whilst kissing the club’s crest and proclaiming loudly about how much he means to them. The team then could only do physical training like running as they had no footballs to kick around. Lmao.",,comment
"No seriously, when is the the real draw?",,comment
very high chances. Let me know when you would like me to come. I do school visits on a regular basis.,,comment
I haven't been this ashamed of my home country in days,,comment
"For those from /r/all, This is the football equivalent of Aliens landing on the White house lawn. EDIT, PS, Dreddit is recruiting!",,comment
"Giving a second yellow for diving in the fa cup final, you gotta have balls for that. Good decision.",,comment
they 10-2 be very consistent e - obligatory gracias,,comment
"I guess it fits, as Napoleon couldn't conquer England",,comment
If PSG can score 4 we can score 6. - Luis Enrique,,comment
Looks like he's missing penalties again...,,comment
Where were you when PSG blew 4-0 lead? I was home singing French national anthem when cavani call 'PSG is kill' 'No',,comment
I wish people would throw money on me when they're angry at me.,,comment
"1-5 both legs, I love the stability that Wenger brings to Arsenal",,comment
I called this last season: https://www.reddit.com/r/soccer/comments/4ijjgx/how_good_is_pep_guardiola_really/d2yk3go/?context=3,,comment
"Did you ever hear the tragedy of Claudio Ranieri the Wise? I thought not. It’s not a story the top 4 would tell you. It’s a grassroots legend. Claudio Ranieri was a manager of Leicester City, so powerful and so wise he could use the Force to influence the ball to go into any opposition's net… He had such a knowledge of the dark side that he could even keep the ones he cared about from being sacked. The dark side of the Force is a pathway to many abilities some consider to be unnatural. He became so powerful… the only thing he was afraid of was losing his power, which eventually, of course, he did. Unfortunately, he taught his apprentice everything he knew, then his apprentice sacked him in his sleep. Ironic. He could save others from the sack, but not himself.",,comment
Arsene has been saving his pennies for this one.,,comment
That's a literal game changing decision.,,comment
Arsenal: Lacazette United: Lukaku Spurs: Kane City: Aguero Chelsea: hi loic do u want picking up in the morning pal,,comment
Redditors in decades to come will be looking for this historic thread to see what it was like on here when Leicester won the fucking league. Hello humans of the future. It was an incredible journey to follow.,,comment
"Caveman finds difficulty adapting to the civilised world. edit: Jesus, this blew up. Diego Costa, The Elephant Man.",,comment
"English fans are now googling what ""knockout round"" means.",,comment
[shh bby is ok](http://i.imgur.com/PJlM6kb.gifv),,comment
"Ah, Sanchez on that 500 ping. EA servers for you.",,comment
Can you imagine coming third in a two-horse race?,,comment
THANK YOU PSG FOR TAKING THE SPOTLIGHT FROM US,,comment
"Bayern are a great team, but 10-2 on aggregate is an unforgivable score for Arsenal.",,comment
Eden Hazard: Leicester City Legend,,comment
Thought Rooney joined United before Ronaldo for some reason. Weird,,comment
"I know 90% comments here will be brexit memes, but fuck, what a team Iceland is. Absolutely unbelievable performance",,comment
What a way to end your international career.,,comment
"Calling it now - Bayern will stumble in the group stages of Champions League and get third, fall to Europa League, and we'll have to make our annual trip to the Allianz in the round of 32.",,comment
At least it's not Adam Johnson destroying a kid post match,,comment
JOHN OLIVER GET THAT BUD LIGHT LIME READY.,,comment
"You're so desperate to be Liverpool you followed them into mediocrity Edit: Shit, cheers for the gold guys",,comment
"He's going back to Juve for a season, Buffon and he will finally win the Champions League and they'll both ride off into the sunset.",,comment
"Its an easy mistake to make. You think you are sleeping with an international footballer, and it turns out to be Adam Johnson",,comment
"""The game's not been that bad surely."" Fucking great.",,comment
This definitely takes the rivalry to the next level.,,comment
Sounds like a PR disaster and actually seems a bit insulting.,,comment
I hope most Man United fans will remember Wayne Rooney as a great legend for them. Some few bad years shouldn't disregard how brilliant he was for around 10 years.,,comment
"Traditions broken. Sunderland go down, Arsenal fail to make the top 4.",,comment
Mourinho to meet Cristiano in the court and convince him to join United. Smh this masterplan...,,comment
"I like how all of us know fuck all about Chinese clubs, so we just call them China as if it's just one team",,comment
"Belgian commentator is on fire tonight. 'Roy Hodgson is watching this game like a cow watching a train pass by. He has no idea what is happening.' 'Ray learned 40 years ago in a course that you do your first substitution during halftime, and then your second one after 60 minutes.'",,comment
"True for all walks of life. My parents had got married, bought their first home, had me and were living in a different country at my age (27). Some days I don't even eat because I can't be arsed to walk to the fridge and put something in an oven so I just watch Parks and Rec on repeat and play Football Manager for 10 hours. So yeah. Damn Millennials amirite",,comment
You also don't fuck your brothers girl Giggs.,,comment
&gt;Over Is this a walkie-talkie,,comment
"And so begins the Ronaldo to United and PSG for this transfer window. Edit: I listed these two clubs not for taxes, but because every single summer the media reports Ronaldo is unsettled in Madrid and wants to move back to his home club United or to PSG.",,comment
Sounds like an upgrade at the moment.,,comment
"Clear dive, what the fuck was Moses thinking",,comment
"Arjen Robben. He is simply horrible to defend. Everybody knows him. Everybody knows what he does. The problem is the when part. When is he cutting inside. And by the second you realize he does, the ball most likely is already in the back of the net.",,comment
"Honestly, just a couple more £150 million transfer windows and United will be right up there with Feyenoord",,comment
"title makes in seem like it went something like: Judge: ""Lionel Messi, I hereby sentence you to **21** months in prison"" Messi: ""no"" Judge: ""ok""",,comment
Incredible. Ronaldo wins the Euro trophy in his first game as Portugal's manager.,,comment
No he's for barca pay attention,,comment
Dortmund and Monaco are going to set a record with 19 goals in each game,,comment
Do not let the banana distract you from the fact that PSG blew a 4-0 lead.,,comment
